id,full_name,password,email,gender,articles
1,Der Abbison,$2a$14$yKwYqObZbZJfbDpgcZP33uG8ft59eJnHkA0yVNutpnCGJpOeM9W9i,dabbison0@yahoo.co.jp,Male,[]
2,Hiram Revill,$2a$14$yKwYqObZbZJfbDpgcZP33uG8ft59eJnHkA0yVNutpnCGJpOeM9W9i,hrevill1@usgs.gov,Male,[]
3,Dene Pairpoint,$2a$14$yKwYqObZbZJfbDpgcZP33uG8ft59eJnHkA0yVNutpnCGJpOeM9W9i,dpairpoint2@last.fm,Male,[]
4,Thaddeus Bandy,$2a$14$yKwYqObZbZJfbDpgcZP33uG8ft59eJnHkA0yVNutpnCGJpOeM9W9i,tbandy3@indiatimes.com,Male,[]
5,Floyd Jefferson,$2a$14$yKwYqObZbZJfbDpgcZP33uG8ft59eJnHkA0yVNutpnCGJpOeM9W9i,fjefferson4@marriott.com,Male,[]
6,Catlin Stripp,$2a$14$yKwYqObZbZJfbDpgcZP33uG8ft59eJnHkA0yVNutpnCGJpOeM9W9i,cstripp5@printfriendly.com,Female,[]
7,Marcelle Ellicock,$2a$14$yKwYqObZbZJfbDpgcZP33uG8ft59eJnHkA0yVNutpnCGJpOeM9W9i,mellicock6@histats.com,Female,[]
8,Isahella Buckmaster,$2a$14$yKwYqObZbZJfbDpgcZP33uG8ft59eJnHkA0yVNutpnCGJpOeM9W9i,ibuckmaster7@forbes.com,Male,[]
9,Fidelity Lints,$2a$14$yKwYqObZbZJfbDpgcZP33uG8ft59eJnHkA0yVNutpnCGJpOeM9W9i,devjay799@gmail.com,Female,[]
10,Malcolm Mumbeson,$2a$14$yKwYqObZbZJfbDpgcZP33uG8ft59eJnHkA0yVNutpnCGJpOeM9W9i,mmumbeson9@jigsy.com,Male,[]
11,Noemi Surr,$2a$14$yKwYqObZbZJfbDpgcZP33uG8ft59eJnHkA0yVNutpnCGJpOeM9W9i,nsurra@purevolume.com,Female,[]
12,Darell Rosengarten,$2a$14$yKwYqObZbZJfbDpgcZP33uG8ft59eJnHkA0yVNutpnCGJpOeM9W9i,drosengartenb@ucsd.edu,Female,[]
13,Cher Newlove,$2a$14$yKwYqObZbZJfbDpgcZP33uG8ft59eJnHkA0yVNutpnCGJpOeM9W9i,cnewlovec@ycombinator.com,Female,[]
14,Egbert Pleat,$2a$14$yKwYqObZbZJfbDpgcZP33uG8ft59eJnHkA0yVNutpnCGJpOeM9W9i,epleatd@wikia.com,Male,[]
15,Mellisa Guittet,$2a$14$yKwYqObZbZJfbDpgcZP33uG8ft59eJnHkA0yVNutpnCGJpOeM9W9i,mguittete@about.com,Female,[]
16,Bonnibelle Leger,$2a$14$yKwYqObZbZJfbDpgcZP33uG8ft59eJnHkA0yVNutpnCGJpOeM9W9i,blegerf@fastcompany.com,Female,[]
17,Danny Biggar,$2a$14$yKwYqObZbZJfbDpgcZP33uG8ft59eJnHkA0yVNutpnCGJpOeM9W9i,dbiggarg@ed.gov,Male,[]
18,Hatti Tunney,$2a$14$yKwYqObZbZJfbDpgcZP33uG8ft59eJnHkA0yVNutpnCGJpOeM9W9i,htunneyh@cdc.gov,Female,[]
19,Jilly Sherington,$2a$14$yKwYqObZbZJfbDpgcZP33uG8ft59eJnHkA0yVNutpnCGJpOeM9W9i,jsheringtoni@histats.com,Female,[]
20,Paige Lathey,$2a$14$yKwYqObZbZJfbDpgcZP33uG8ft59eJnHkA0yVNutpnCGJpOeM9W9i,platheyj@facebook.com,Male,[]
21,Katherina Bellfield,$2a$14$yKwYqObZbZJfbDpgcZP33uG8ft59eJnHkA0yVNutpnCGJpOeM9W9i,kbellfieldk@ftc.gov,Female,[]
22,Barbette Verralls,$2a$14$yKwYqObZbZJfbDpgcZP33uG8ft59eJnHkA0yVNutpnCGJpOeM9W9i,bverrallsl@theglobeandmail.com,Female,[]
23,Cris Colquete,$2a$14$yKwYqObZbZJfbDpgcZP33uG8ft59eJnHkA0yVNutpnCGJpOeM9W9i,ccolquetem@g.co,Male,[]
24,Maggie Darington,$2a$14$yKwYqObZbZJfbDpgcZP33uG8ft59eJnHkA0yVNutpnCGJpOeM9W9i,mdaringtonn@example.com,Female,[]
25,Dasie Dury,$2a$14$yKwYqObZbZJfbDpgcZP33uG8ft59eJnHkA0yVNutpnCGJpOeM9W9i,dduryo@blog.com,Female,[]
26,Stacee Croisier,$2a$14$yKwYqObZbZJfbDpgcZP33uG8ft59eJnHkA0yVNutpnCGJpOeM9W9i,scroisierp@scribd.com,Male,[]
27,Obidiah Harling,$2a$14$yKwYqObZbZJfbDpgcZP33uG8ft59eJnHkA0yVNutpnCGJpOeM9W9i,oharlingq@naver.com,Male,[]
28,Tracie Ruppertz,$2a$14$yKwYqObZbZJfbDpgcZP33uG8ft59eJnHkA0yVNutpnCGJpOeM9W9i,truppertzr@xrea.com,Female,[]
29,Thibaud Goggan,$2a$14$yKwYqObZbZJfbDpgcZP33uG8ft59eJnHkA0yVNutpnCGJpOeM9W9i,tgoggans@ted.com,Male,[]
30,Freddie Jeste,$2a$14$yKwYqObZbZJfbDpgcZP33uG8ft59eJnHkA0yVNutpnCGJpOeM9W9i,fjestet@imgur.com,Male,[]
31,Danny Francom,$2a$14$yKwYqObZbZJfbDpgcZP33uG8ft59eJnHkA0yVNutpnCGJpOeM9W9i,dfrancomu@si.edu,Male,[]
32,Gerrie Atwill,$2a$14$yKwYqObZbZJfbDpgcZP33uG8ft59eJnHkA0yVNutpnCGJpOeM9W9i,gatwillv@drupal.org,Female,[]
33,Mickie Herculson,$2a$14$yKwYqObZbZJfbDpgcZP33uG8ft59eJnHkA0yVNutpnCGJpOeM9W9i,mherculsonw@yahoo.com,Female,[]
34,Stearn Pember,$2a$14$yKwYqObZbZJfbDpgcZP33uG8ft59eJnHkA0yVNutpnCGJpOeM9W9i,spemberx@webeden.co.uk,Male,[]
35,Julianne Lautie,$2a$14$yKwYqObZbZJfbDpgcZP33uG8ft59eJnHkA0yVNutpnCGJpOeM9W9i,jlautiey@soup.io,Female,[]
36,Teodoro Bartolomeo,$2a$14$yKwYqObZbZJfbDpgcZP33uG8ft59eJnHkA0yVNutpnCGJpOeM9W9i,tbartolomeoz@wired.com,Male,[]
37,Lisetta Pfeffer,$2a$14$yKwYqObZbZJfbDpgcZP33uG8ft59eJnHkA0yVNutpnCGJpOeM9W9i,lpfeffer10@goodreads.com,Female,[]
38,Nydia Dimmack,$2a$14$yKwYqObZbZJfbDpgcZP33uG8ft59eJnHkA0yVNutpnCGJpOeM9W9i,ndimmack11@myspace.com,Female,[]
39,Betsy Gowdy,$2a$14$yKwYqObZbZJfbDpgcZP33uG8ft59eJnHkA0yVNutpnCGJpOeM9W9i,bgowdy12@unc.edu,Male,[]
40,Ruperto Ghiraldi,$2a$14$yKwYqObZbZJfbDpgcZP33uG8ft59eJnHkA0yVNutpnCGJpOeM9W9i,rghiraldi13@wordpress.com,Male,[]
41,Gwendolyn Darwin,$2a$14$yKwYqObZbZJfbDpgcZP33uG8ft59eJnHkA0yVNutpnCGJpOeM9W9i,gdarwin14@dailymotion.com,Female,[]
42,Martie Torpie,$2a$14$yKwYqObZbZJfbDpgcZP33uG8ft59eJnHkA0yVNutpnCGJpOeM9W9i,mtorpie15@accuweather.com,Female,[]
43,Lexine Verrechia,$2a$14$yKwYqObZbZJfbDpgcZP33uG8ft59eJnHkA0yVNutpnCGJpOeM9W9i,lverrechia16@delicious.com,Female,[]
44,Jilli Bateup,$2a$14$yKwYqObZbZJfbDpgcZP33uG8ft59eJnHkA0yVNutpnCGJpOeM9W9i,jbateup17@ucoz.com,Female,[]
45,Herold Tilio,$2a$14$yKwYqObZbZJfbDpgcZP33uG8ft59eJnHkA0yVNutpnCGJpOeM9W9i,htilio18@arizona.edu,Male,[]
46,Adelle Castellan,$2a$14$yKwYqObZbZJfbDpgcZP33uG8ft59eJnHkA0yVNutpnCGJpOeM9W9i,acastellan19@trellian.com,Female,[]
47,Coleman Tissier,$2a$14$yKwYqObZbZJfbDpgcZP33uG8ft59eJnHkA0yVNutpnCGJpOeM9W9i,ctissier1a@sun.com,Female,[]
48,Oralee Tunmore,$2a$14$yKwYqObZbZJfbDpgcZP33uG8ft59eJnHkA0yVNutpnCGJpOeM9W9i,otunmore1b@cargocollective.com,Female,[]
49,Britney Grossman,$2a$14$yKwYqObZbZJfbDpgcZP33uG8ft59eJnHkA0yVNutpnCGJpOeM9W9i,bgrossman1c@harvard.edu,Female,[]
50,Idalina Pettet,$2a$14$yKwYqObZbZJfbDpgcZP33uG8ft59eJnHkA0yVNutpnCGJpOeM9W9i,ipettet1d@multiply.com,Female,[]
51,Ansell Pashenkov,$2a$14$yKwYqObZbZJfbDpgcZP33uG8ft59eJnHkA0yVNutpnCGJpOeM9W9i,apashenkov1e@un.org,Male,[]
52,Rafaellle Cruce,$2a$14$yKwYqObZbZJfbDpgcZP33uG8ft59eJnHkA0yVNutpnCGJpOeM9W9i,rcruce1f@hhs.gov,Male,[]
53,Tristan Hanaby,$2a$14$yKwYqObZbZJfbDpgcZP33uG8ft59eJnHkA0yVNutpnCGJpOeM9W9i,thanaby1g@berkeley.edu,Male,[]
54,Janie Hansemann,$2a$14$yKwYqObZbZJfbDpgcZP33uG8ft59eJnHkA0yVNutpnCGJpOeM9W9i,jhansemann1h@berkeley.edu,Female,[]
55,Fara Kermode,$2a$14$yKwYqObZbZJfbDpgcZP33uG8ft59eJnHkA0yVNutpnCGJpOeM9W9i,fkermode1i@devhub.com,Female,[]
56,Alejandro Stubbings,$2a$14$yKwYqObZbZJfbDpgcZP33uG8ft59eJnHkA0yVNutpnCGJpOeM9W9i,astubbings1j@prlog.org,Male,[]
57,Dannye Blann,$2a$14$yKwYqObZbZJfbDpgcZP33uG8ft59eJnHkA0yVNutpnCGJpOeM9W9i,dblann1k@sbwire.com,Female,[]
58,Peyton Sholem,$2a$14$yKwYqObZbZJfbDpgcZP33uG8ft59eJnHkA0yVNutpnCGJpOeM9W9i,psholem1l@oaic.gov.au,Male,[]
59,Nahum Lanning,$2a$14$yKwYqObZbZJfbDpgcZP33uG8ft59eJnHkA0yVNutpnCGJpOeM9W9i,nlanning1m@springer.com,Male,[]
60,Darya Genney,$2a$14$yKwYqObZbZJfbDpgcZP33uG8ft59eJnHkA0yVNutpnCGJpOeM9W9i,dgenney1n@arizona.edu,Female,[]
61,Nicola Briztman,$2a$14$yKwYqObZbZJfbDpgcZP33uG8ft59eJnHkA0yVNutpnCGJpOeM9W9i,nbriztman1o@craigslist.org,Male,[]
62,Jerrie Emmitt,$2a$14$yKwYqObZbZJfbDpgcZP33uG8ft59eJnHkA0yVNutpnCGJpOeM9W9i,jemmitt1p@elpais.com,Male,[]
63,Sigrid Gorghetto,$2a$14$yKwYqObZbZJfbDpgcZP33uG8ft59eJnHkA0yVNutpnCGJpOeM9W9i,sgorghetto1q@phoca.cz,Female,[]
64,Wallie Ivanilov,$2a$14$yKwYqObZbZJfbDpgcZP33uG8ft59eJnHkA0yVNutpnCGJpOeM9W9i,wivanilov1r@phoca.cz,Female,[]
65,Jarrad Murr,$2a$14$yKwYqObZbZJfbDpgcZP33uG8ft59eJnHkA0yVNutpnCGJpOeM9W9i,jmurr1s@hugedomains.com,Male,[]
66,Marlee Sisson,$2a$14$yKwYqObZbZJfbDpgcZP33uG8ft59eJnHkA0yVNutpnCGJpOeM9W9i,msisson1t@wordpress.com,Male,[]
67,Mateo Fettis,$2a$14$yKwYqObZbZJfbDpgcZP33uG8ft59eJnHkA0yVNutpnCGJpOeM9W9i,mfettis1u@narod.ru,Male,[]
68,Gusta Ciardo,$2a$14$yKwYqObZbZJfbDpgcZP33uG8ft59eJnHkA0yVNutpnCGJpOeM9W9i,gciardo1v@posterous.com,Female,[]
69,Hillier McCrohon,$2a$14$yKwYqObZbZJfbDpgcZP33uG8ft59eJnHkA0yVNutpnCGJpOeM9W9i,hmccrohon1w@hibu.com,Male,[]
70,Austine Chappel,$2a$14$yKwYqObZbZJfbDpgcZP33uG8ft59eJnHkA0yVNutpnCGJpOeM9W9i,achappel1x@icq.com,Female,[]
71,Veriee Dickenson,$2a$14$yKwYqObZbZJfbDpgcZP33uG8ft59eJnHkA0yVNutpnCGJpOeM9W9i,vdickenson1y@pinterest.com,Female,[]
72,Rhett Creagh,$2a$14$yKwYqObZbZJfbDpgcZP33uG8ft59eJnHkA0yVNutpnCGJpOeM9W9i,rcreagh1z@blogspot.com,Male,[]
73,Nigel Wittke,$2a$14$yKwYqObZbZJfbDpgcZP33uG8ft59eJnHkA0yVNutpnCGJpOeM9W9i,nwittke20@imgur.com,Male,[]
74,Denyse Wiggans,$2a$14$yKwYqObZbZJfbDpgcZP33uG8ft59eJnHkA0yVNutpnCGJpOeM9W9i,dwiggans21@deviantart.com,Female,[]
75,Allan Imlen,$2a$14$yKwYqObZbZJfbDpgcZP33uG8ft59eJnHkA0yVNutpnCGJpOeM9W9i,aimlen22@google.com.au,Male,[]
76,Morse Redley,$2a$14$yKwYqObZbZJfbDpgcZP33uG8ft59eJnHkA0yVNutpnCGJpOeM9W9i,mredley23@163.com,Male,[]
77,Lilly Abarough,$2a$14$yKwYqObZbZJfbDpgcZP33uG8ft59eJnHkA0yVNutpnCGJpOeM9W9i,labarough24@abc.net.au,Female,[]
78,Donaugh Gatlin,$2a$14$yKwYqObZbZJfbDpgcZP33uG8ft59eJnHkA0yVNutpnCGJpOeM9W9i,dgatlin25@uiuc.edu,Male,[]
79,Essa Killeley,$2a$14$yKwYqObZbZJfbDpgcZP33uG8ft59eJnHkA0yVNutpnCGJpOeM9W9i,ekilleley26@creativecommons.org,Female,[]
80,Lindy Killingbeck,$2a$14$yKwYqObZbZJfbDpgcZP33uG8ft59eJnHkA0yVNutpnCGJpOeM9W9i,lkillingbeck27@psu.edu,Male,[]
81,Lilith O'Leary,$2a$14$yKwYqObZbZJfbDpgcZP33uG8ft59eJnHkA0yVNutpnCGJpOeM9W9i,loleary28@irs.gov,Female,[]
82,Raddy Kebbell,$2a$14$yKwYqObZbZJfbDpgcZP33uG8ft59eJnHkA0yVNutpnCGJpOeM9W9i,rkebbell29@multiply.com,Male,[]
83,Imelda Cowser,$2a$14$yKwYqObZbZJfbDpgcZP33uG8ft59eJnHkA0yVNutpnCGJpOeM9W9i,icowser2a@geocities.com,Female,[]
84,Brod Cristofanini,$2a$14$yKwYqObZbZJfbDpgcZP33uG8ft59eJnHkA0yVNutpnCGJpOeM9W9i,bcristofanini2b@eventbrite.com,Male,[]
85,Patten Huggons,$2a$14$yKwYqObZbZJfbDpgcZP33uG8ft59eJnHkA0yVNutpnCGJpOeM9W9i,phuggons2c@redcross.org,Male,[]
86,Glyn Vickress,$2a$14$yKwYqObZbZJfbDpgcZP33uG8ft59eJnHkA0yVNutpnCGJpOeM9W9i,gvickress2d@rediff.com,Female,[]
87,Brandais Dominico,$2a$14$yKwYqObZbZJfbDpgcZP33uG8ft59eJnHkA0yVNutpnCGJpOeM9W9i,bdominico2e@huffingtonpost.com,Female,[]
88,Lydie Gurnay,$2a$14$yKwYqObZbZJfbDpgcZP33uG8ft59eJnHkA0yVNutpnCGJpOeM9W9i,lgurnay2f@sourceforge.net,Female,[]
89,Dorris Antoniazzi,$2a$14$yKwYqObZbZJfbDpgcZP33uG8ft59eJnHkA0yVNutpnCGJpOeM9W9i,dantoniazzi2g@devhub.com,Female,[]
90,Tomasine Deeprose,$2a$14$yKwYqObZbZJfbDpgcZP33uG8ft59eJnHkA0yVNutpnCGJpOeM9W9i,tdeeprose2h@narod.ru,Female,[]
91,Waylan Roser,$2a$14$yKwYqObZbZJfbDpgcZP33uG8ft59eJnHkA0yVNutpnCGJpOeM9W9i,wroser2i@joomla.org,Female,[]
92,Fielding Semrad,$2a$14$yKwYqObZbZJfbDpgcZP33uG8ft59eJnHkA0yVNutpnCGJpOeM9W9i,fsemrad2j@tripod.com,Male,[]
93,Magda Happert,$2a$14$yKwYqObZbZJfbDpgcZP33uG8ft59eJnHkA0yVNutpnCGJpOeM9W9i,mhappert2k@disqus.com,Female,[]
94,Mal Hancorn,$2a$14$yKwYqObZbZJfbDpgcZP33uG8ft59eJnHkA0yVNutpnCGJpOeM9W9i,mhancorn2l@edublogs.org,Male,[]
95,Gilburt Beeke,$2a$14$yKwYqObZbZJfbDpgcZP33uG8ft59eJnHkA0yVNutpnCGJpOeM9W9i,gbeeke2m@spiegel.de,Male,[]
96,Ford Nicklinson,$2a$14$yKwYqObZbZJfbDpgcZP33uG8ft59eJnHkA0yVNutpnCGJpOeM9W9i,fnicklinson2n@columbia.edu,Male,[]
97,Ingunna Hindshaw,$2a$14$yKwYqObZbZJfbDpgcZP33uG8ft59eJnHkA0yVNutpnCGJpOeM9W9i,ihindshaw2o@canalblog.com,Female,[]
98,Charita McElmurray,$2a$14$yKwYqObZbZJfbDpgcZP33uG8ft59eJnHkA0yVNutpnCGJpOeM9W9i,cmcelmurray2p@sfgate.com,Female,[]
99,Berkie Matterdace,$2a$14$yKwYqObZbZJfbDpgcZP33uG8ft59eJnHkA0yVNutpnCGJpOeM9W9i,bmatterdace2q@prlog.org,Male,[]
100,Adelina Furmage,$2a$14$yKwYqObZbZJfbDpgcZP33uG8ft59eJnHkA0yVNutpnCGJpOeM9W9i,afurmage2r@biglobe.ne.jp,Female,[]
